종목코드,종목명,시장구분,업종명,종가,대비,등락률,시가총액
"095570","AJ네트웍스","KOSPI","서비스업","5990","10","0.17","280465547050"
"006840","AK홀딩스","KOSPI","기타금융","27500","0","0.00","364307927500"
"027410","BGF","KOSPI","기타금융","6380","-10","-0.16","610673126580"
"282330","BGF리테일","KOSPI","유통업","183000","2500","1.39","3162954798000"
"138930","BNK금융지주","KOSPI","기타금융","7880","0","0.00","2568369738480"
"001460","BYC","KOSPI","섬유의복","422500","12500","3.05","263899837500"
"001465","BYC우","KOSPI","섬유의복","171000","-3000","-1.72","36830835000"
"001040","CJ","KOSPI","기타금융","102500","1000","0.99","2990642295000"
"079160","CJ CGV","KOSPI","서비스업","31350","200","0.64","1162593996300"
"00104K","CJ4우(전환)","KOSPI","기타금융","85000","300","0.35","359253520000"
"000120","CJ대한통운","KOSPI","운수창고업","170000","1000","0.59","3878098480000"
"011150","CJ씨푸드","KOSPI","음식료품","4260","-10","-0.23","153065092980"
"011155","CJ씨푸드1우","KOSPI","음식료품","39150","0","0.00","7830000000"
"001045","CJ우","KOSPI","기타금융","62900","200","0.32","142168026700"
"097950","CJ제일제당","KOSPI","음식료품","443500","-3000","-0.67","6676531491000"
"097955","CJ제일제당 우","KOSPI","음식료품","202000","-2000","-0.98","268141466000"
"000590","CS홀딩스","KOSPI","기타금융","64600","100","0.16","74579537200"
"012030","DB","KOSPI","서비스업","1100","40","3.77","221291326300"
"016610","DB금융투자","KOSPI","증권","6840","40","0.59","290333300760"
"005830","DB손해보험","KOSPI","보험","59500","700","1.19","4212600000000"
"000990","DB하이텍","KOSPI","전기전자","59700","-500","-0.83","2650595703600"
"000995","DB하이텍1우","KOSPI","전기전자","113000","500","0.44","12691708000"
"139130","DGB금융지주","KOSPI","기타금융","9240","-10","-0.11","1562907496920"
"001530","DI동일","KOSPI","유통업","330000","-23000","-6.52","828516150000"
"000210","DL","KOSPI","기타금융","72400","-200","-0.28","1517206001600"
"001880","DL건설","KOSPI","건설업","32200","-100","-0.31","710115744800"
"000215","DL우","KOSPI","기타금융","43500","-50","-0.11","73346002500"
"375500","DL이앤씨","KOSPI","건설업","138000","-1000","-0.72","2671505844000"
"37550K","DL이앤씨우","KOSPI","건설업","78400","-600","-0.76","165728584000"
"004840","DRB동일","KOSPI","화학","6490","-10","-0.15","129345700000"
"155660","DSR","KOSPI","철강금속","6970","-10","-0.14","111520000000"
"069730","DSR제강","KOSPI","철강금속","6970","110","1.60","100368000000"
"017940","E1","KOSPI","유통업","55300","-400","-0.72","379358000000"
"365550","ESR켄달스퀘어리츠","KOSPI","서비스업","6600","-220","-3.23","945509400000"
"383220","F&F","KOSPI","섬유의복","732000","15000","2.09","5608155780000"
"007700","F&F홀딩스","KOSPI","섬유의복","45400","-850","-1.84","1775792261800"
"114090","GKL","KOSPI","서비스업","16150","500","3.19","998969070500"
"078930","GS","KOSPI","기타금융","42200","0","0.00","3921028951600"
"006360","GS건설","KOSPI","건설업","44750","100","0.22","3829771677500"
"001250","GS글로벌","KOSPI","유통업","2805","-10","-0.36","231507208020"
"007070","GS리테일","KOSPI","유통업","34450","150","0.44","3607532412900"
"078935","GS우","KOSPI","기타금융","36050","150","0.42","64342977300"
"012630","HDC","KOSPI","기타금융","11750","0","0.00","701965221750"
"039570","HDC아이콘트롤스","KOSPI","건설업","12550","-50","-0.40","206573000000"
"089470","HDC현대EP","KOSPI","화학","5950","480","8.78","189805000000"
"294870","HDC현대산업개발","KOSPI","건설업","29550","-350","-1.17","1947561601500"
"011200","HMM","KOSPI","운수창고업","40300","-1700","-4.05","16337317226100"
"082740","HSD엔진","KOSPI","기계","7450","-120","-1.59","348073282700"
"003560","IHQ","KOSPI","서비스업","1670","-35","-2.05","244213699160"
"175330","JB금융지주","KOSPI","기타금융","8200","-60","-0.73","1615259730800"
"234080","JW생명과학","KOSPI","의약품","17500","-150","-0.85","277104695000"
"001060","JW중외제약","KOSPI","의약품","28050","1100","4.08","604194924300"
"001067","JW중외제약2우B","KOSPI","의약품","64300","100","0.16","5981700400"
"001065","JW중외제약우","KOSPI","의약품","39600","0","0.00","7028445600"
"096760","JW홀딩스","KOSPI","기타금융","4125","5","0.12","282319875750"
"105560","KB금융","KOSPI","기타금융","53100","0","0.00","22079400552000"
"002380","KCC","KOSPI","화학","398000","13000","3.38","3536815458000"
"344820","KCC글라스","KOSPI","비금속광물","77300","700","0.91","1234520577600"
"009070","KCTC","KOSPI","운수창고업","7000","50","0.72","210000000000"
"009440","KC그린홀딩스","KOSPI","기타금융","5910","50","0.85","132590731800"
"119650","KC코트렐","KOSPI","기계","8170","-10","-0.12","143792000000"
"092220","KEC","KOSPI","전기전자","2195","-25","-1.13","256171733300"
"016380","KG동부제철","KOSPI","철강금속","15300","-50","-0.33","1530136124100"
"016385","KG동부제철우","KOSPI","철강금속","120000","500","0.42","6406200000"
"001390","KG케미칼","KOSPI","화학","33950","-150","-0.44","470753959200"
"033180","KH 필룩스","KOSPI","전기전자","3415","155","4.75","466933851560"
"001940","KISCO홀딩스","KOSPI","철강금속","22850","350","1.56","422185283000"
"025000","KPX케미칼","KOSPI","화학","60600","-300","-0.49","293304000000"
"092230","KPX홀딩스","KOSPI","화학","66700","300","0.45","281783888200"
"000040","KR모터스","KOSPI","운수장비","1130","0","0.00","108635225840"
"044450","KSS해운","KOSPI","운수창고업","11150","0","0.00","258522562000"
"030200","KT","KOSPI","통신업","32950","-500","-1.49","8603634073600"
"033780","KT&G","KOSPI","기타제조업","81800","0","0.00","11230526254600"
"030210","KTB투자증권","KOSPI","증권","7310","-90","-1.22","440896012520"
"058850","KTcs","KOSPI","서비스업","2915","5","0.17","124426775000"
"058860","KTis","KOSPI","서비스업","2715","0","0.00","94487430000"
"093050","LF","KOSPI","섬유의복","18600","-100","-0.53","543864000000"
"003550","LG","KOSPI","기타금융","93200","-1100","-1.17","14660452547600"
"034220","LG디스플레이","KOSPI","전기전자","20200","-350","-1.70","7227877140000"
"051900","LG생활건강","KOSPI","화학","1473000","11000","0.75","23005604181000"
"051905","LG생활건강우","KOSPI","화학","688000","1000","0.15","1444591536000"
"003555","LG우","KOSPI","기타금융","68700","-100","-0.15","207585294000"
"032640","LG유플러스","KOSPI","통신업","14350","-100","-0.69","6265373030350"
"011070","LG이노텍","KOSPI","전기전자","212000","-5500","-2.53","5017426684000"
"066570","LG전자","KOSPI","전기전자","139500","-1500","-1.06","22828870053000"
"066575","LG전자우","KOSPI","전기전자","68900","-900","-1.29","1184114848800"
"037560","LG헬로비전","KOSPI","서비스업","7730","-130","-1.65","598664266450"
"051910","LG화학","KOSPI","화학","711000","-10000","-1.39","50191155873000"
"051915","LG화학우","KOSPI","화학","332000","-1500","-0.45","2552681600000"
"079550","LIG넥스원","KOSPI","기계","51600","-800","-1.53","1135200000000"
"006260","LS","KOSPI","기타금융","66600","0","0.00","2144520000000"
"010120","LS ELECTRIC","KOSPI","전기전자","68400","400","0.59","2052000000000"
"000680","LS네트웍스","KOSPI","유통업","4110","180","4.58","323880395760"
"229640","LS전선아시아","KOSPI","기타금융","8470","-20","-0.24","259392725130"
"001120","LX인터내셔널","KOSPI","유통업","27650","-100","-0.36","1071714000000"
"108670","LX하우시스","KOSPI","화학","88900","1000","1.14","797225863000"
"108675","LX하우시스우","KOSPI","화학","40600","500","1.25","41912598000"
"383800","LX홀딩스","KOSPI","기타금융","9910","-20","-0.20","755941637900"
"38380K","LX홀딩스1우","KOSPI","기타금융","15200","-50","-0.33","22272332000"
"023150","MH에탄올","KOSPI","음식료품","9810","-110","-1.11","72383340060"
"035420","NAVER","KOSPI","서비스업","442500","-2500","-0.56","72686552287500"
"181710","NHN","KOSPI","서비스업","71000","-100","-0.14","1389116775000"
"005940","NH투자증권","KOSPI","증권","13300","0","0.00","3742738197100"
"005945","NH투자증권우","KOSPI","증권","11950","50","0.42","225508067600"
"338100","NH프라임리츠","KOSPI","서비스업","4800","-25","-0.52","89568000000"
"034310","NICE","KOSPI","서비스업","18550","-50","-0.27","702716665000"
"008260","NI스틸","KOSPI","철강금속","4655","80","1.75","133133544635"
"004250","NPC","KOSPI","화학","5660","90","1.62","207835200000"
"004255","NPC우","KOSPI","화학","3140","5","0.16","16579200000"
"010060","OCI","KOSPI","화학","129000","3000","2.38","3076568859000"
"178920","PI첨단소재","KOSPI","화학","61500","2000","3.36","1806028803000"
"005490","POSCO","KOSPI","철강금속","342500","5000","1.48","29861490987500"
"010950","S-Oil","KOSPI","화학","91700","-900","-0.97","10323842026400"
"010955","S-Oil우","KOSPI","화학","54800","0","0.00","220401599600"
"034120","SBS","KOSPI","서비스업","51800","2000","4.02","945483747600"
"101060","SBS미디어홀딩스","KOSPI","서비스업","2200","-5","-0.23","307771618000"
"005090","SGC에너지","KOSPI","전기가스업","48450","250","0.52","711100843800"
"001380","SG글로벌","KOSPI","운수장비","2615","-65","-2.43","117581233945"
"004060","SG세계물산","KOSPI","유통업","755","-9","-1.18","152830844800"
"001770","SHD","KOSPI","철강금속","31750","-550","-1.70","38572376500"
"002360","SH에너지화학","KOSPI","화학","1055","-5","-0.47","117246085150"
"009160","SIMPAC","KOSPI","기계","8700","800","10.13","569236789200"
"123700","SJM","KOSPI","운수장비","4690","-110","-2.29","73186971620"
"025530","SJM홀딩스","KOSPI","유통업","4055","60","1.50","60557402440"
"034730","SK","KOSPI","기타금융","262000","-1500","-0.57","18434397814000"
"011790","SKC","KOSPI","화학","144500","-11500","-7.37","5471969061000"
"018670","SK가스","KOSPI","유통업","118500","-1000","-0.84","1093783914000"
"001740","SK네트웍스","KOSPI","유통업","5510","-40","-0.72","1367513934970"
"001745","SK네트웍스우","KOSPI","유통업","107500","-500","-0.46","12217160000"
"006120","SK디스커버리","KOSPI","기타금융","48100","-550","-1.13","915720825500"
"006125","SK디스커버리우","KOSPI","기타금융","40250","0","0.00","54677813750"
"210980","SK디앤디","KOSPI","서비스업","38800","-550","-1.40","860978363200"
"068400","SK렌터카","KOSPI","서비스업","12950","250","1.97","612351628000"
"302440","SK바이오사이언스","KOSPI","의약품","307000","-1500","-0.49","23485500000000"
"326030","SK바이오팜","KOSPI","서비스업","122000","-2000","-1.61","9554216500000"
"361610","SK아이이테크놀로지","KOSPI","전기전자","209000","500","0.24","14901196728000"
"03473K","SK우","KOSPI","기타금융","245000","-1500","-0.61","138703075000"
"096770","SK이노베이션","KOSPI","화학","247500","3000","1.23","22885227090000"
"096775","SK이노베이션우","KOSPI","화학","156000","2000","1.30","194754456000"
"001510","SK증권","KOSPI","증권","965","21","2.22","456049515015"
"001515","SK증권우","KOSPI","증권","4300","-80","-1.83","16823810200"
"285130","SK케미칼","KOSPI","화학","272500","3500","1.30","3202255410000"
"28513K","SK케미칼우","KOSPI","화학","133500","2000","1.52","194732445000"
"017670","SK텔레콤","KOSPI","통신업","308000","-5000","-1.60","22194524044000"
"000660","SK하이닉스","KOSPI","전기전자","106500","-1500","-1.39","77532251872500"
"064960","SNT모티브","KOSPI","운수장비","55800","700","1.27","815970988800"
"100840","SNT에너지","KOSPI","기계","21600","700","3.35","162144957600"
"003570","SNT중공업","KOSPI","운수장비","10250","-150","-1.44","340840144250"
"036530","SNT홀딩스","KOSPI","기타금융","18700","0","0.00","304882668200"
"005610","SPC삼립","KOSPI","음식료품","81500","100","0.12","703264233500"
"011810","STX","KOSPI","유통업","4945","-20","-0.40","132863743500"
"077970","STX엔진","KOSPI","기계","11250","100","0.90","258850170000"
"071970","STX중공업","KOSPI","기계","5690","0","0.00","161402403440"
"002820","SUN&L","KOSPI","종이목재","5900","0","0.00","74387135100"
"084870","TBH글로벌","KOSPI","섬유의복","2995","40","1.35","62466172905"
"002710","TCC스틸","KOSPI","철강금속","8190","-110","-1.33","192465000000"
"002900","TYM","KOSPI","기계","2280","50","2.24","322311616320"
"024070","WISCOM","KOSPI","화학","4170","10","0.24","63911246460"
"037270","YG PLUS","KOSPI","서비스업","7660","-90","-1.16","485869280600"
"000500","가온전선","KOSPI","전기전자","31500","1100","3.62","131050930500"
"000860","강남제비스코","KOSPI","화학","26350","-450","-1.68","171275000000"
"035250","강원랜드","KOSPI","서비스업","28300","350","1.25","6054516150000"
"011420","갤럭시아에스엠","KOSPI","서비스업","2430","-70","-2.80","66945634920"
"002100","경농","KOSPI","화학","14650","-250","-1.68","286005723750"
"009450","경동나비엔","KOSPI","전기전자","68000","1400","2.10","925121640000"
"267290","경동도시가스","KOSPI","전기가스업","22900","0","0.00","135004797400"
"012320","경동인베스트","KOSPI","기타금융","37100","-200","-0.54","87742353300"
"000050","경방","KOSPI","유통업","13650","-50","-0.36","374218435500"
"214390","경보제약","KOSPI","의약품","11950","-200","-1.65","285686977000"
"012610","경인양행","KOSPI","화학","7080","80","1.14","294148264200"
"009140","경인전자","KOSPI","전기전자","29050","-150","-0.51","45631652850"
"013580","계룡건설","KOSPI","건설업","43200","-100","-0.23","385815182400"
"012200","계양전기","KOSPI","기계","4605","-70","-1.50","150123000000"
"012205","계양전기우","KOSPI","기계","7940","-60","-0.75","11116000000"
"002140","고려산업","KOSPI","음식료품","3720","10","0.27","92774661000"
"010130","고려아연","KOSPI","철강금속","517000","-4000","-0.77","9755790000000"
"002240","고려제강","KOSPI","철강금속","27500","150","0.55","632500000000"
"009290","광동제약","KOSPI","의약품","8420","-50","-0.59","441383565420"
"017040","광명전기","KOSPI","전기전자","3145","-15","-0.47","136296799175"
"017900","광전자","KOSPI","전기전자","2955","100","3.50","171223819665"
"037710","광주신세계","KOSPI","유통업","210500","2000","0.96","336800000000"
"030610","교보증권","KOSPI","증권","8510","0","0.00","550199548960"
"339770","교촌에프앤비","KOSPI","유통업","20500","900","4.59","512142070000"
"007690","국도화학","KOSPI","화학","75600","5300","7.54","560242569600"
"005320","국동","KOSPI","유통업","2520","-35","-1.37","135944607960"
"001140","국보","KOSPI","운수창고업","1400","-10","-0.71","85491757400"
"002720","국제약품","KOSPI","의약품","8140","-210","-2.51","156907372600"
"083420","그린케미칼","KOSPI","화학","11400","0","0.00","273600000000"
"014530","극동유화","KOSPI","화학","4300","0","0.00","149938506000"
"014280","금강공업","KOSPI","철강금속","8700","190","2.23","255165405900"
"014285","금강공업우","KOSPI","철강금속","15000","250","1.69","8848125000"
"008870","금비","KOSPI","비금속광물","74700","-400","-0.53","74700000000"
"001570","금양","KOSPI","화학","5720","-80","-1.38","274168843520"
"002990","금호건설","KOSPI","건설업","13050","-50","-0.38","478072708200"
"002995","금호건설우","KOSPI","건설업","33950","250","0.74","9922430700"
"011780","금호석유","KOSPI","화학","191500","-1000","-0.52","5834562826500"
"011785","금호석유우","KOSPI","화학","113000","0","0.00","341653918000"
"214330","금호에이치티","KOSPI","운수장비","2250","-15","-0.66","309623845500"
"001210","금호전기","KOSPI","전기전자","3640","40","1.11","59941703640"
"073240","금호타이어","KOSPI","화학","5930","-60","-1.00","1703453501910"
"092440","기신정기","KOSPI","기계","4575","60","1.33","133590000000"
"000270","기아","KOSPI","운수장비","83800","-2000","-2.33","33969448478600"
"024110","기업은행","KOSPI","은행","10350","-100","-0.96","7703511075450"
"013700","까뮤이앤씨","KOSPI","건설업","2375","-50","-2.06","107236665000"
"004540","깨끗한나라","KOSPI","종이목재","5310","-30","-0.56","197748079830"
"004545","깨끗한나라우","KOSPI","종이목재","24700","-450","-1.79","9044152000"
"001260","남광토건","KOSPI","건설업","14850","-350","-2.30","145959179850"
"008350","남선알미늄","KOSPI","철강금속","3975","-5","-0.13","437961882750"
"008355","남선알미우","KOSPI","철강금속","44050","-1400","-3.08","13562554500"
"004270","남성","KOSPI","유통업","3325","-40","-1.19","120405432000"
"003920","남양유업","KOSPI","음식료품","504000","-43000","-7.86","362880000000"
"003925","남양유업우","KOSPI","음식료품","265000","-20000","-7.02","44165430000"
"025860","남해화학","KOSPI","화학","10700","-200","-1.83","531563620100"
"005720","넥센","KOSPI","화학","5000","-10","-0.20","267719885000"
"005725","넥센우","KOSPI","화학","3680","20","0.55","13250208000"
"002350","넥센타이어","KOSPI","화학","8360","0","0.00","816503451720"
"002355","넥센타이어1우B","KOSPI","화학","3750","0","0.00","24375000000"
"003580","넥스트사이언스","KOSPI","광업","29450","350","1.20","1227058899650"
"251270","넷마블","KOSPI","서비스업","126000","-1500","-1.18","10830141252000"
"090350","노루페인트","KOSPI","화학","11400","150","1.33","228000000000"
"090355","노루페인트우","KOSPI","화학","24100","100","0.42","11161336600"
"000320","노루홀딩스","KOSPI","기타금융","13600","-100","-0.73","180759653600"
"000325","노루홀딩스우","KOSPI","기타금융","54000","-1400","-2.53","10003500000"
"006280","녹십자","KOSPI","의약품","377000","-6500","-1.69","4405824826000"
"005250","녹십자홀딩스","KOSPI","서비스업","33700","-150","-0.44","1584850677000"
"005257","녹십자홀딩스2우","KOSPI","서비스업","84000","-2700","-3.11","71063160000"
"004370","농심","KOSPI","음식료품","301500","-500","-0.17","1833916563000"
"072710","농심홀딩스","KOSPI","기타금융","76100","-200","-0.26","352935819000"
"058730","다스코","KOSPI","기계","5890","60","1.03","96007000000"
"023590","다우기술","KOSPI","서비스업","26550","350","1.34","1191208681350"
"145210","다이나믹디자인","KOSPI","기계","589","-13","-2.16","92831003035"
"019680","대교","KOSPI","서비스업","4330","-15","-0.35","366763340500"
"019685","대교우B","KOSPI","서비스업","3225","-10","-0.31","62652042750"
"006370","대구백화점","KOSPI","유통업","11250","50","0.45","121743123750"
"008060","대덕","KOSPI","기타금융","7570","0","0.00","256548435500"
"00806K","대덕1우","KOSPI","기타금융","11350","50","0.44","13760251950"
"353200","대덕전자","KOSPI","전기전자","18700","150","0.81","924096497500"
"35320K","대덕전자1우","KOSPI","전기전자","15100","-100","-0.66","31642336900"
"000490","대동","KOSPI","기계","11250","0","0.00","266942362500"
"008110","대동전자","KOSPI","전기전자","6790","-50","-0.73","71230135130"
"005750","대림B&Co","KOSPI","비금속광물","7710","-90","-1.15","128542970400"
"006570","대림통상","KOSPI","기계","4020","-85","-2.07","61204500000"
"001680","대상","KOSPI","음식료품","25150","-250","-0.98","871397828750"
"001685","대상우","KOSPI","음식료품","19150","-50","-0.26","26239770450"
"084690","대상홀딩스","KOSPI","기타금융","11050","-50","-0.45","400148544900"
"084695","대상홀딩스우","KOSPI","기타금융","12300","-100","-0.81","11235828600"
"128820","대성산업","KOSPI","유통업","4570","45","0.99","206726134460"
"117580","대성에너지","KOSPI","전기가스업","6270","-130","-2.03","172425000000"
"016710","대성홀딩스","KOSPI","서비스업","39300","0","0.00","632315738700"
"003540","대신증권","KOSPI","증권","19150","-50","-0.26","972310610000"
"003547","대신증권2우B","KOSPI","증권","16700","0","0.00","167000000000"
"003545","대신증권우","KOSPI","증권","17300","0","0.00","449800000000"
"009190","대양금속","KOSPI","철강금속","5760","110","1.95","178329530880"
"014160","대영포장","KOSPI","종이목재","2750","-30","-1.08","298085009750"
"047040","대우건설","KOSPI","건설업","7370","50","0.68","3063138842060"
"009320","대우부품","KOSPI","운수장비","2695","35","1.32","128406980625"
"042660","대우조선해양","KOSPI","운수장비","27000","-200","-0.74","2896848063000"
"003090","대웅","KOSPI","기타금융","35850","200","0.56","2084389983000"
"069620","대웅제약","KOSPI","의약품","164000","0","0.00","1900198300000"
"000430","대원강업","KOSPI","운수장비","4595","35","0.77","284890000000"
"006340","대원전선","KOSPI","전기전자","2370","115","5.10","168310211790"
"006345","대원전선우","KOSPI","전기전자","4075","0","0.00","10681390000"
"003220","대원제약","KOSPI","의약품","20500","-300","-1.44","435108871500"
"024890","대원화성","KOSPI","화학","3010","-170","-5.35","124159947520"
"002880","대유에이텍","KOSPI","운수장비","1340","-10","-0.74","149894513180"
"000300","대유플러스","KOSPI","전기전자","1495","-35","-2.29","180893167130"
"012800","대창","KOSPI","철강금속","2250","30","1.35","205066122750"
"015230","대창단조","KOSPI","운수장비","8190","-10","-0.12","117003281850"
"001070","대한방직","KOSPI","섬유의복","44050","550","1.26","233465000000"
"006650","대한유화","KOSPI","화학","230000","-1500","-0.65","1495000000000"
"001440","대한전선","KOSPI","전기전자","2515","-25","-0.98","2154029617635"
"084010","대한제강","KOSPI","철강금속","21900","-100","-0.45","539763474600"
"001790","대한제당","KOSPI","음식료품","3055","-10","-0.33","274023051900"
"001795","대한제당우","KOSPI","음식료품","3175","25","0.79","20582763000"
"001130","대한제분","KOSPI","음식료품","164500","-500","-0.30","278005000000"
"003490","대한항공","KOSPI","운수창고업","30800","-300","-0.96","10712881410000"
"003495","대한항공우","KOSPI","운수창고업","39200","-300","-0.76","43543124800"
"005880","대한해운","KOSPI","운수창고업","2945","-40","-1.34","939977619700"
"003830","대한화섬","KOSPI","화학","140000","-2500","-1.75","185920000000"
"016090","대현","KOSPI","섬유의복","2575","-25","-0.96","114026948250"
"069460","대호에이엘","KOSPI","철강금속","4130","-45","-1.08","202359658480"
"192080","더블유게임즈","KOSPI","서비스업","61500","-200","-0.32","1130031873000"
"012510","더존비즈온","KOSPI","서비스업","93000","3300","3.68","2821681473000"
"004830","덕성","KOSPI","화학","17000","-250","-1.45","266560000000"
"004835","덕성우","KOSPI","화학","22850","-500","-2.14","31807200000"
"024900","덕양산업","KOSPI","운수장비","3180","-30","-0.93","103556636400"
"145720","덴티움","KOSPI","의료정밀","89200","1700","1.94","987339636000"
"002150","도화엔지니어링","KOSPI","서비스업","8460","-40","-0.47","285271200000"
"001230","동국제강","KOSPI","철강금속","20150","-200","-0.98","1922969650550"
"023450","동남합성","KOSPI","화학","67100","500","0.75","242231000000"
"004140","동방","KOSPI","운수창고업","5340","-30","-0.56","213449230440"
"007590","동방아그로","KOSPI","화학","7490","-100","-1.32","101995651730"
"005960","동부건설","KOSPI","건설업","14200","100","0.71","322790551800"
"005965","동부건설우","KOSPI","건설업","48500","-1400","-2.81","10948002000"
"026960","동서","KOSPI","유통업","29050","100","0.35","2896285000000"
"002210","동성제약","KOSPI","의약품","10750","100","0.94","280585427500"
"102260","동성케미컬","KOSPI","서비스업","5810","90","1.57","288697319680"
"000640","동아쏘시오홀딩스","KOSPI","기타금융","116500","500","0.43","739484449000"
"170900","동아에스티","KOSPI","의약품","77900","600","0.78","657777317200"
"028100","동아지질","KOSPI","건설업","20700","-300","-1.43","238050000000"
"282690","동아타이어","KOSPI","화학","12800","-100","-0.78","175782592000"
"001520","동양","KOSPI","비금속광물","1810","5","0.28","432018154030"
"001527","동양2우B","KOSPI","비금속광물","17300","100","0.58","5338243700"
"001529","동양3우B","KOSPI","비금속광물","42100","-500","-1.17","3777296200"
"084670","동양고속","KOSPI","운수창고업","21850","50","0.23","63268182650"
"082640","동양생명","KOSPI","보험","5670","210","3.85","914903176950"
"001525","동양우","KOSPI","비금속광물","8600","-120","-1.38","5312486600"
"008970","동양철관","KOSPI","철강금속","1580","35","2.27","187838758200"
"092780","동양피스톤","KOSPI","운수장비","7280","-200","-2.67","95866388800"
"049770","동원F&B","KOSPI","음식료품","205500","-2500","-1.20","793049982000"
"018500","동원금속","KOSPI","운수장비","1035","10","0.98","48391355655"
"006040","동원산업","KOSPI","농업, 임업 및 어업","243000","-2000","-0.82","893666763000"
"030720","동원수산","KOSPI","농업, 임업 및 어업","9520","50","0.53","44304223600"
"014820","동원시스템즈","KOSPI","화학","56800","-1400","-2.41","1455131424800"
"014825","동원시스템즈우","KOSPI","화학","37800","-600","-1.56","10030532400"
"163560","동일고무벨트","KOSPI","화학","8660","20","0.23","120374000000"
"004890","동일산업","KOSPI","철강금속","113000","1500","1.35","274049295000"
"002690","동일제강","KOSPI","철강금속","4340","0","0.00","65100000000"
"000020","동화약품","KOSPI","의약품","15200","450","3.05","424558344000"
"000150","두산","KOSPI","서비스업","94700","-5300","-5.30","1564807174500"
"000157","두산2우B","KOSPI","서비스업","127500","-7500","-5.56","113862345000"
"241560","두산밥캣","KOSPI","기계","42000","-700","-1.64","4210464972000"
"000155","두산우","KOSPI","서비스업","66300","-1600","-2.36","264965430600"
"042670","두산인프라코어","KOSPI","기계","11900","-400","-3.25","934949561000"
"034020","두산중공업","KOSPI","기계","21300","-600","-2.74","10945410168600"
"336260","두산퓨얼셀","KOSPI","전기전자","52800","200","0.38","3458068732800"
"33626K","두산퓨얼셀1우","KOSPI","전기전자","16100","0","0.00","215163620000"
"33626L","두산퓨얼셀2우B","KOSPI","전기전자","22450","-50","-0.22","67042435000"
"016740","두올","KOSPI","운수장비","5250","210","4.17","151550070000"
"192650","드림텍","KOSPI","전기전자","12450","350","2.89","812901223950"
"024090","디씨엠","KOSPI","철강금속","17250","-250","-1.43","201825000000"
"003160","디아이","KOSPI","의료정밀","9230","-260","-2.74","290715325550"
"092200","디아이씨","KOSPI","운수장비","5540","-80","-1.42","215442672260"
"377190","디앤디플랫폼리츠","KOSPI","서비스업","5320","-40","-0.75","342608000000"
"013570","디와이","KOSPI","기타금융","5740","-60","-1.03","151074693420"
"210540","디와이파워","KOSPI","기계","15350","-50","-0.32","169490217800"
"007340","디티알오토모티브","KOSPI","전기전자","48000","-1000","-2.04","479712240000"
"026890","디피씨","KOSPI","전기전자","14650","-150","-1.01","610585263750"
"115390","락앤락","KOSPI","화학","11750","-100","-0.84","622839746500"
"032350","롯데관광개발","KOSPI","서비스업","19450","0","0.00","1347411625900"
"089860","롯데렌탈","KOSPI","서비스업","49150","-250","-0.51","1800564196450"
"330590","롯데리츠","KOSPI","서비스업","5640","-120","-2.08","1370344505760"
"000400","롯데손해보험","KOSPI","보험","1830","15","0.83","567915465600"
"023530","롯데쇼핑","KOSPI","유통업","109000","2000","1.87","3083474295000"
"004000","롯데정밀화학","KOSPI","화학","70500","0","0.00","1818900000000"
"286940","롯데정보통신","KOSPI","서비스업","38100","150","0.40","586600211100"
"280360","롯데제과","KOSPI","음식료품","136500","-500","-0.36","875881870500"
"004990","롯데지주","KOSPI","기타금융","35550","-450","-1.25","3729523375350"
"00499K","롯데지주우","KOSPI","기타금융","54700","-800","-1.44","54022978100"
"005300","롯데칠성","KOSPI","음식료품","144000","-1000","-0.69","1336159296000"
"005305","롯데칠성우","KOSPI","음식료품","76900","900","1.18","59621339000"
"011170","롯데케미칼","KOSPI","화학","246000","-500","-0.20","8431753074000"
"002270","롯데푸드","KOSPI","음식료품","427000","2500","0.59","516266485000"
"071840","롯데하이마트","KOSPI","유통업","31550","-100","-0.32","744823313600"
"027740","마니커","KOSPI","음식료품","486","-2","-0.41","96457680684"
"204320","만도","KOSPI","운수장비","60300","-600","-0.99","2831514336000"
"001080","만호제강","KOSPI","철강금속","22800","600","2.70","94620000000"
"088980","맥쿼리인프라","KOSPI","기타금융","12550","0","0.00","5080811614850"
"094800","맵스리얼티1","KOSPI","기타금융","4645","10","0.22","431215467495"
"138040","메리츠금융지주","KOSPI","기타금융","31700","950","3.09","4248158019800"
"008560","메리츠증권","KOSPI","증권","5710","200","3.63","3892681606090"
"000060","메리츠화재","KOSPI","보험","29700","500","1.71","3582562500000"
"090370","메타랩스","KOSPI","섬유의복","1130","45","4.15","74448144820"
"017180","명문제약","KOSPI","의약품","5570","10","0.18","189120738780"
"009900","명신산업","KOSPI","운수장비","30250","-850","-2.73","1587221523250"
"012690","모나리자","KOSPI","종이목재","4585","-15","-0.33","167679204175"
"005360","모나미","KOSPI","유통업","5120","-70","-1.35","96754211840"
"204210","모두투어리츠","KOSPI","서비스업","3990","-10","-0.25","31228991850"
"009680","모토닉","KOSPI","운수장비","12550","150","1.21","414150000000"
"009580","무림P&P","KOSPI","종이목재","4775","5","0.10","297808747100"
"009200","무림페이퍼","KOSPI","종이목재","3020","45","1.51","125660116200"
"033920","무학","KOSPI","음식료품","9040","190","2.15","257640000000"
"008420","문배철강","KOSPI","철강금속","4915","140","2.93","100774727075"
"025560","미래산업","KOSPI","의료정밀","14900","100","0.68","66334904300"
"007120","미래아이앤지","KOSPI","서비스업","577","11","1.94","74712353396"
"357250","미래에셋맵스리츠","KOSPI","서비스업","4995","5","0.10","100399500000"
"085620","미래에셋생명","KOSPI","보험","4460","85","1.94","789492202940"
"006800","미래에셋증권","KOSPI","증권","8900","-60","-0.67","5654316031200"
"00680K","미래에셋증권2우B","KOSPI","증권","4740","-25","-0.52","663600000000"
"006805","미래에셋증권우","KOSPI","증권","6090","30","0.50","85721317500"
"002840","미원상사","KOSPI","화학","204500","500","0.25","1016365000000"
"268280","미원에스씨","KOSPI","화학","185000","-1500","-0.80","943500000000"
"107590","미원홀딩스","KOSPI","기타금융","129500","-500","-0.38","300440000000"
"134380","미원화학","KOSPI","화학","79900","0","0.00","175721513200"
"003650","미창석유","KOSPI","화학","78200","100","0.13","136042350400"
"155900","바다로19호","KOSPI","서비스업","2790","0","0.00","42408011160"
"003610","방림","KOSPI","섬유의복","2530","10","0.40","107054647700"
"001340","백광산업","KOSPI","화학","5570","-70","-1.24","250195526990"
"035150","백산","KOSPI","화학","9380","200","2.18","226996000000"
"002410","범양건영","KOSPI","건설업","10350","-2450","-19.14","257011013700"
"096300","베트남개발1","KOSPI","기타금융","235","1","0.43","32354849585"
"007210","벽산","KOSPI","비금속광물","3975","-30","-0.75","272526000000"
"002760","보락","KOSPI","화학","2335","-25","-1.06","139866500000"
"003850","보령제약","KOSPI","의약품","16800","-250","-1.47","1153992000000"
"000890","보해양조","KOSPI","음식료품","1035","0","0.00","141573488265"
"003000","부광약품","KOSPI","의약품","23050","1150","5.25","1638003279450"
"001270","부국증권","KOSPI","증권","24700","150","0.61","256136184200"
"001275","부국증권우","KOSPI","증권","22800","0","0.00","68400000000"
"026940","부국철강","KOSPI","철강금속","7010","940","15.49","140200000000"
"015350","부산가스","KOSPI","전기가스업","58600","-400","-0.68","644600000000"
"011390","부산산업","KOSPI","비금속광물","135500","-2000","-1.45","143088000000"
"005030","부산주공","KOSPI","운수장비","618","9","1.48","35133001506"
"002070","비비안","KOSPI","섬유의복","3400","-15","-0.44","101299566000"
"100220","비상교육","KOSPI","서비스업","10150","0","0.00","131916921150"
"030790","비케이탑스","KOSPI","서비스업","7850","660","9.18","115205312600"
"005180","빙그레","KOSPI","음식료품","56200","-400","-0.71","553639744200"
"003960","사조대림","KOSPI","음식료품","33300","300","0.91","305176751100"
"008040","사조동아원","KOSPI","음식료품","1375","-10","-0.72","194073825000"
"007160","사조산업","KOSPI","농업, 임업 및 어업","59800","-400","-0.66","299000000000"
"014710","사조씨푸드","KOSPI","음식료품","5690","-80","-1.39","97973509670"
"006090","사조오양","KOSPI","음식료품","10850","-150","-1.36","102236718150"
"001470","삼부토건","KOSPI","건설업","3110","-120","-3.72","427769204480"
"006400","삼성SDI","KOSPI","전기전자","750000","-38000","-4.82","51573397500000"
"006405","삼성SDI우","KOSPI","전기전자","420000","-8500","-1.98","679516320000"
"006660","삼성공조","KOSPI","운수장비","20100","450","2.29","163338911400"
"028260","삼성물산","KOSPI","유통업","131500","-1500","-1.13","24575651151500"
"02826K","삼성물산우B","KOSPI","유통업","128000","-500","-0.39","208310400000"
"207940","삼성바이오로직스","KOSPI","의약품","948000","-14000","-1.46","62724420000000"
"032830","삼성생명","KOSPI","보험","74300","200","0.27","14860000000000"
"018260","삼성에스디에스","KOSPI","서비스업","170000","-2500","-1.45","13154226000000"
"028050","삼성엔지니어링","KOSPI","서비스업","23300","-450","-1.89","4566800000000"
"009150","삼성전기","KOSPI","전기전자","182500","-2500","-1.35","13631599520000"
"009155","삼성전기우","KOSPI","전기전자","101500","-500","-0.49","295058876000"
"005930","삼성전자","KOSPI","전기전자","76000","-800","-1.04","453703473800000"
"005935","삼성전자우","KOSPI","전기전자","70300","-600","-0.85","57848935010000"
"001360","삼성제약","KOSPI","의약품","7330","-90","-1.21","492298039070"
"010140","삼성중공업","KOSPI","운수장비","6200","-110","-1.74","3906000000000"
"010145","삼성중공우","KOSPI","운수장비","259000","-3500","-1.33","29744855000"
"016360","삼성증권","KOSPI","증권","50300","800","1.62","4491790000000"
"068290","삼성출판사","KOSPI","서비스업","41400","-150","-0.36","414000000000"
"029780","삼성카드","KOSPI","기타금융","34500","-50","-0.14","3997131739500"
"000810","삼성화재","KOSPI","보험","228000","1000","0.44","10801462836000"
"000815","삼성화재우","KOSPI","보험","173500","-500","-0.29","553812000000"
"006110","삼아알미늄","KOSPI","철강금속","26700","-800","-2.91","293700000000"
"145990","삼양사","KOSPI","음식료품","65100","0","0.00","671405529900"
"145995","삼양사우","KOSPI","음식료품","45950","600","1.32","17004716500"
"003230","삼양식품","KOSPI","음식료품","82900","-500","-0.60","624486943500"
"002170","삼양통상","KOSPI","기타제조업","68200","-200","-0.29","204600000000"
"272550","삼양패키징","KOSPI","화학","33500","1800","5.68","476028434000"
"000070","삼양홀딩스","KOSPI","기타금융","122000","7500","6.55","1044841062000"
"000075","삼양홀딩스우","KOSPI","기타금융","74700","1700","2.33","22713132600"
"002810","삼영무역","KOSPI","유통업","15800","-100","-0.63","291777778400"
"005680","삼영전자","KOSPI","전기전자","13650","350","2.63","273000000000"
"003720","삼영화학","KOSPI","화학","3325","30","0.91","113050000000"
"023000","삼원강재","KOSPI","운수장비","3490","5","0.14","139600000000"
"004380","삼익THK","KOSPI","기계","12200","50","0.41","256200000000"
"002450","삼익악기","KOSPI","기타제조업","1955","5","0.26","176987938825"
"004440","삼일씨엔에스","KOSPI","비금속광물","12750","-250","-1.92","162332324250"
"000520","삼일제약","KOSPI","의약품","9050","-50","-0.55","121368301100"
"009770","삼정펄프","KOSPI","종이목재","32800","-150","-0.46","81999048800"
"005500","삼진제약","KOSPI","의약품","27350","350","1.30","380165000000"
"004690","삼천리","KOSPI","전기가스업","88300","400","0.46","358058707500"
"010960","삼호개발","KOSPI","건설업","5620","-30","-0.53","140500000000"
"004450","삼화왕관","KOSPI","기계","43950","100","0.23","94684957050"
"009470","삼화전기","KOSPI","전기전자","31400","50","0.16","207673948000"
"011230","삼화전자","KOSPI","전기전자","3920","-25","-0.63","40995124800"
"001820","삼화콘덴서","KOSPI","전기전자","62900","-700","-1.10","653845500000"
"000390","삼화페인트","KOSPI","화학","10700","50","0.47","291077118300"
"001290","상상인증권","KOSPI","증권","1295","-5","-0.38","125704528530"
"041650","상신브레이크","KOSPI","운수장비","4420","135","3.15","94903809000"
"075180","새론오토모티브","KOSPI","운수장비","6390","90","1.43","122688000000"
"007540","샘표","KOSPI","기타금융","48650","750","1.57","139907670000"
"248170","샘표식품","KOSPI","음식료품","48000","350","0.73","219277728000"
"007860","서연","KOSPI","기타금융","13000","-100","-0.76","305237972000"
"200880","서연이화","KOSPI","운수장비","7400","-100","-1.33","200010433800"
"017390","서울가스","KOSPI","전기가스업","152000","-4500","-2.88","760000000000"
"004410","서울식품","KOSPI","음식료품","374","-1","-0.27","138347813186"
"004415","서울식품우","KOSPI","음식료품","4880","5","0.10","10855560000"
"021050","서원","KOSPI","철강금속","2725","10","0.37","129368257750"
"008490","서흥","KOSPI","화학","53500","600","1.13","618947545500"
"007610","선도전기","KOSPI","전기전자","3950","-15","-0.38","71100000000"
"136490","선진","KOSPI","음식료품","15300","-50","-0.33","363827941200"
"014910","성문전자","KOSPI","전기전자","2770","60","2.21","53978593890"
"014915","성문전자우","KOSPI","전기전자","9850","-140","-1.40","5910000000"
"003080","성보화학","KOSPI","화학","4320","-65","-1.48","86486400000"
"004980","성신양회","KOSPI","비금속광물","10800","50","0.47","264773588400"
"004985","성신양회우","KOSPI","비금속광물","16000","0","0.00","11770320000"
"011300","성안","KOSPI","섬유의복","787","0","0.00","44747135820"
"000180","성창기업지주","KOSPI","서비스업","2725","-5","-0.18","190073110000"
"002420","세기상사","KOSPI","서비스업","6160","0","0.00","25107667200"
"004360","세방","KOSPI","운수창고업","13500","50","0.37","260667315000"
"004365","세방우","KOSPI","운수창고업","7810","-10","-0.13","28813042500"
"004490","세방전지","KOSPI","전기전자","84500","100","0.12","1183000000000"
"001430","세아베스틸","KOSPI","철강금속","29650","900","3.13","1063311828350"
"306200","세아제강","KOSPI","철강금속","114500","-1500","-1.29","324756350000"
"003030","세아제강지주","KOSPI","기타금융","135000","-4500","-3.23","559123695000"
"019440","세아특수강","KOSPI","철강금속","16800","50","0.30","143976000000"
"058650","세아홀딩스","KOSPI","철강금속","114500","-500","-0.43","458000000000"
"013000","세우글로벌","KOSPI","유통업","2470","0","0.00","70901426570"
"091090","세원이앤씨","KOSPI","기계","957","15","1.59","139253157087"
"021820","세원정공","KOSPI","운수장비","8090","0","0.00","80900000000"
"067830","세이브존I&C","KOSPI","유통업","3450","0","0.00","141591087750"
"033530","세종공업","KOSPI","운수장비","11200","200","1.82","311594763200"
"075580","세진중공업","KOSPI","운수장비","6430","-10","-0.16","365542002080"
"027970","세하","KOSPI","종이목재","1915","0","0.00","110233139255"
"308170","센트랄모텍","KOSPI","운수장비","23850","-100","-0.42","205348500000"
"012600","센트럴인사이트","KOSPI","기계","2490","0","0.00","33838831080"
"068270","셀트리온","KOSPI","의약품","288000","-2500","-0.86","39725198208000"
"336370","솔루스첨단소재","KOSPI","전기전자","59900","-1600","-2.60","1832326504200"
"33637K","솔루스첨단소재1우","KOSPI","전기전자","17500","-250","-1.41","128912000000"
"33637L","솔루스첨단소재2우B","KOSPI","전기전자","30250","-450","-1.47","49793012500"
"248070","솔루엠","KOSPI","전기전자","29150","550","1.92","1457661811650"
"004430","송원산업","KOSPI","화학","18350","-250","-1.34","440400000000"
"017550","수산중공업","KOSPI","기계","3480","90","2.65","187868367240"
"053210","스카이라이프","KOSPI","서비스업","10300","-150","-1.44","492566249800"
"134790","시디즈","KOSPI","기타제조업","74100","600","0.82","148200000000"
"016590","신대양제지","KOSPI","종이목재","94300","1800","1.95","380008442600"
"029530","신도리코","KOSPI","전기전자","32500","100","0.31","327600942500"
"004970","신라교역","KOSPI","농업, 임업 및 어업","12900","150","1.18","206400000000"
"011930","신성이엔지","KOSPI","전기전자","2420","85","3.64","493641691400"
"005390","신성통상","KOSPI","유통업","4060","-45","-1.10","583456063400"
"004170","신세계","KOSPI","유통업","273500","6500","2.43","2692657003500"
"035510","신세계 I&C","KOSPI","서비스업","237000","-6500","-2.67","407640000000"
"034300","신세계건설","KOSPI","건설업","43750","-250","-0.57","175000000000"
"031430","신세계인터내셔날","KOSPI","유통업","202500","5500","2.79","1445850000000"
"031440","신세계푸드","KOSPI","서비스업","102000","2000","2.00","394992960000"
"006880","신송홀딩스","KOSPI","유통업","5830","70","1.22","68962242140"
"005800","신영와코루","KOSPI","섬유의복","119500","500","0.42","107550000000"
"001720","신영증권","KOSPI","증권","63400","300","0.48","595087425800"
"001725","신영증권우","KOSPI","증권","63900","-600","-0.93","450735455700"
"009270","신원","KOSPI","섬유의복","2470","10","0.41","210054972530"
"009275","신원우","KOSPI","섬유의복","47500","-450","-0.94","4310150000"
"002700","신일전자","KOSPI","유통업","1890","10","0.53","134279814690"
"019170","신풍제약","KOSPI","의약품","69800","-2100","-2.92","3698352302000"
"019175","신풍제약우","KOSPI","의약품","96900","-2600","-2.61","213180000000"
"002870","신풍제지","KOSPI","종이목재","2820","10","0.36","98583534000"
"293940","신한알파리츠","KOSPI","서비스업","8160","0","0.00","427013803680"
"055550","신한지주","KOSPI","기타금융","38800","-450","-1.15","20044062695200"
"004080","신흥","KOSPI","유통업","15700","-450","-2.79","149150000000"
"102280","쌍방울","KOSPI","섬유의복","743","-2","-0.27","195105951847"
"003410","쌍용C&E","KOSPI","비금속광물","8440","80","0.96","4252574981800"
"003620","쌍용차","KOSPI","운수장비","2770","0","0.00","415056805540"
"004770","써니전자","KOSPI","전기전자","3215","-75","-2.28","112026710365"
"015540","쎌마테라퓨틱스","KOSPI","서비스업","6410","0","0.00","86229499400"
"004920","씨아이테크","KOSPI","기타제조업","1055","-10","-0.94","42149063545"
"112610","씨에스윈드","KOSPI","기계","79000","-900","-1.13","3331540837000"
"008700","아남전자","KOSPI","전기전자","2665","0","0.00","205537645300"
"002790","아모레G","KOSPI","화학","57000","-800","-1.38","4700116260000"
"00279K","아모레G3우(전환)","KOSPI","화학","40700","-250","-0.61","288652540000"
"002795","아모레G우","KOSPI","화학","21800","-150","-0.68","140474186000"
"090430","아모레퍼시픽","KOSPI","화학","224500","-3000","-1.32","13123931005000"
"090435","아모레퍼시픽우","KOSPI","화학","80600","200","0.25","850961098000"
"002030","아세아","KOSPI","서비스업","150000","12500","9.09","328653600000"
"183190","아세아시멘트","KOSPI","비금속광물","144000","2000","1.41","560996496000"
"002310","아세아제지","KOSPI","종이목재","48250","-900","-1.83","432151221500"
"012170","아센디오","KOSPI","서비스업","2065","-40","-1.90","131146489740"
"267850","아시아나IDT","KOSPI","서비스업","21050","-450","-2.09","233655000000"
"020560","아시아나항공","KOSPI","운수창고업","22700","-1600","-6.58","1689147042800"
"122900","아이마켓코리아","KOSPI","유통업","11500","-50","-0.43","384431660000"
"010780","아이에스동서","KOSPI","비금속광물","51500","200","0.39","1590969209000"
"139990","아주스틸","KOSPI","철강금속","27350","-900","-3.19","723467369150"
"001780","알루코","KOSPI","철강금속","4515","-50","-1.10","377834980215"
"018250","애경산업","KOSPI","화학","24650","150","0.61","651004897750"
"161000","애경유화","KOSPI","화학","12800","50","0.39","410112000000"
"011090","에넥스","KOSPI","기타제조업","2800","-95","-3.28","167976594800"
"137310","에스디바이오센서","KOSPI","의료정밀","46850","-2250","-4.58","4838262888050"
"005850","에스엘","KOSPI","운수장비","27200","-750","-2.68","1311129134400"
"012750","에스원","KOSPI","서비스업","81500","-100","-0.12","3096933007000"
"023960","에쓰씨엔지니어링","KOSPI","건설업","5070","-60","-1.17","146171076090"
"298690","에어부산","KOSPI","운수창고업","2710","-40","-1.45","222409700000"
"140910","에이리츠","KOSPI","서비스업","11650","200","1.75","49132593500"
"078520","에이블씨엔씨","KOSPI","화학","8610","-40","-0.46","232758081990"
"015260","에이엔피","KOSPI","전기전자","1950","-70","-3.47","43555997550"
"007460","에이프로젠 MED","KOSPI","기계","2060","-10","-0.48","410259773800"
"003060","에이프로젠제약","KOSPI","의약품","1145","0","0.00","456369253215"
"244920","에이플러스에셋","KOSPI","기타금융","10650","550","5.45","240771930450"
"036570","엔씨소프트","KOSPI","서비스업","633000","-4000","-0.63","13896895926000"
"138250","엔에스쇼핑","KOSPI","유통업","18250","400","2.24","614952000000"
"380440","엔에이치스팩19호","KOSPI","기타금융","2220","-5","-0.22","113863800000"
"085310","엔케이","KOSPI","기계","1220","-10","-0.81","97579689440"
"009810","엔케이물산","KOSPI","유통업","825","110","15.38","65537348250"
"900140","엘브이엠씨홀딩스","KOSPI","유통업","3450","-60","-1.71","343120774650"
"097520","엠씨넥스","KOSPI","전기전자","45750","650","1.44","821545651500"
"014440","영보화학","KOSPI","화학","4925","90","1.86","98500000000"
"111770","영원무역","KOSPI","유통업","43000","1100","2.63","1905393124000"
"009970","영원무역홀딩스","KOSPI","기타금융","46450","400","0.87","633373248400"
"003520","영진약품","KOSPI","의약품","5610","100","1.81","1026028220910"
"000670","영풍","KOSPI","철강금속","756000","6000","0.80","1392582240000"
"006740","영풍제지","KOSPI","종이목재","7180","-80","-1.10","159396000000"
"012280","영화금속","KOSPI","운수장비","2165","-10","-0.46","115599103325"
"012160","영흥","KOSPI","철강금속","1135","-5","-0.44","114987272220"
"015360","예스코홀딩스","KOSPI","기타금융","38300","50","0.13","229800000000"
"007310","오뚜기","KOSPI","음식료품","523000","-5000","-0.95","1920446063000"
"002630","오리엔트바이오","KOSPI","의약품","1250","-10","-0.79","148228756250"
"271560","오리온","KOSPI","음식료품","126000","-1000","-0.79","4981552632000"
"001800","오리온홀딩스","KOSPI","기타금융","16100","-50","-0.31","1008591294200"
"011690","와이투솔루션","KOSPI","전기전자","2440","0","0.00","359254954280"
"070960","용평리조트","KOSPI","서비스업","5540","-40","-0.72","266658664820"
"316140","우리금융지주","KOSPI","기타금융","11250","-50","-0.44","8190681176250"
"118000","우리들휴브레인","KOSPI","유통업","1670","15","0.91","134767002680"
"010050","우리종금","KOSPI","기타금융","936","-2","-0.21","818254388016"
"006980","우성사료","KOSPI","음식료품","32000","-100","-0.31","98880000000"
"017370","우신시스템","KOSPI","기계","4350","20","0.46","79666134900"
"105840","우진","KOSPI","의료정밀","8370","370","4.63","170108649180"
"010400","우진아이엔에스","KOSPI","건설업","8380","-60","-0.71","63872360000"
"049800","우진플라임","KOSPI","기계","4810","10","0.21","96200000000"
"016880","웅진","KOSPI","기타금융","2540","-40","-1.55","203014783200"
"095720","웅진씽크빅","KOSPI","서비스업","3840","10","0.26","443542982400"
"005820","원림","KOSPI","섬유의복","23050","-150","-0.65","52968208500"
"010600","웰바이오텍","KOSPI","유통업","2180","10","0.46","127916391920"
"008600","윌비스","KOSPI","유통업","2150","25","1.18","141409610800"
"033270","유나이티드제약","KOSPI","의약품","53600","1200","2.29","870722459200"
"014830","유니드","KOSPI","화학","145500","9000","6.59","1293472156500"
"000910","유니온","KOSPI","비금속광물","6860","10","0.15","107095706340"
"047400","유니온머티리얼","KOSPI","비금속광물","3445","15","0.44","144690000000"
"011330","유니켐","KOSPI","기타제조업","1635","0","0.00","112341410805"
"077500","유니퀘스트","KOSPI","유통업","10800","100","0.93","295155630000"
"002920","유성기업","KOSPI","운수장비","3530","0","0.00","91594675000"
"000700","유수홀딩스","KOSPI","서비스업","6250","-10","-0.16","162761325000"
"003470","유안타증권","KOSPI","증권","4410","15","0.34","880220900160"
"003475","유안타증권우","KOSPI","증권","4445","-15","-0.34","57394782340"
"072130","유엔젤","KOSPI","서비스업","4755","25","0.53","62744383770"
"000220","유유제약","KOSPI","의약품","9090","150","1.68","156642070590"
"000225","유유제약1우","KOSPI","의약품","11750","50","0.43","26636427500"
"000227","유유제약2우B","KOSPI","의약품","24450","200","0.82","7959942000"
"001200","유진투자증권","KOSPI","증권","4070","45","1.12","394246321260"
"000100","유한양행","KOSPI","의약품","64200","-1000","-1.53","4492263967800"
"000105","유한양행우","KOSPI","의약품","60500","-200","-0.33","71446870000"
"003460","유화증권","KOSPI","증권","2770","50","1.84","157065689550"
"003465","유화증권우","KOSPI","증권","2760","-10","-0.36","48234933000"
"008730","율촌화학","KOSPI","화학","20950","150","0.72","519560000000"
"008250","이건산업","KOSPI","종이목재","13950","50","0.36","152789258250"
"025820","이구산업","KOSPI","철강금속","4215","165","4.07","140958030000"
"214320","이노션","KOSPI","서비스업","58100","-500","-0.85","1162000000000"
"088260","이리츠코크렙","KOSPI","서비스업","5890","40","0.68","373081965100"
"139480","이마트","KOSPI","유통업","181000","1000","0.56","5045523239000"
"007660","이수페타시스","KOSPI","전기전자","4395","-25","-0.57","181374609210"
"005950","이수화학","KOSPI","화학","13450","200","1.51","376055866800"
"015020","이스타코","KOSPI","서비스업","4850","40","0.83","207830260000"
"093230","이아이디","KOSPI","유통업","521","-1","-0.19","435338849805"
"074610","이엔플러스","KOSPI","기계","3915","40","1.03","200934575775"
"102460","이연제약","KOSPI","의약품","55800","1900","3.53","1004320596600"
"084680","이월드","KOSPI","기타제조업","2920","-30","-1.02","318362974720"
"350520","이지스레지던스리츠","KOSPI","서비스업","5100","30","0.59","105060000000"
"334890","이지스밸류리츠","KOSPI","서비스업","5450","-10","-0.18","130800000000"
"000760","이화산업","KOSPI","유통업","19100","300","1.60","53480000000"
"014990","인디에프","KOSPI","섬유의복","1630","-10","-0.61","96060781850"
"101140","인바이오젠","KOSPI","유통업","4245","25","0.59","218878130265"
"006490","인스코비","KOSPI","통신업","4415","190","4.50","480150786375"
"023800","인지컨트롤스","KOSPI","운수장비","15350","-450","-2.85","232707964800"
"034590","인천도시가스","KOSPI","전기가스업","27950","50","0.18","122274374300"
"129260","인터지스","KOSPI","운수창고업","3515","-40","-1.13","104563777110"
"023810","인팩","KOSPI","운수장비","13100","150","1.16","131000000000"
"249420","일동제약","KOSPI","의약품","14500","50","0.35","345147632500"
"000230","일동홀딩스","KOSPI","의약품","12900","0","0.00","148871160000"
"013360","일성건설","KOSPI","건설업","4110","-65","-1.56","222042256800"
"003120","일성신약","KOSPI","의약품","80900","100","0.12","215194000000"
"003200","일신방직","KOSPI","섬유의복","112500","0","0.00","270000000000"
"007110","일신석재","KOSPI","유통업","2695","-35","-1.28","208745563950"
"007570","일양약품","KOSPI","의약품","35700","250","0.71","681358204800"
"007575","일양약품우","KOSPI","의약품","34450","0","0.00","15333006000"
"008500","일정실업","KOSPI","섬유의복","21000","-150","-0.71","25200000000"
"081000","일진다이아","KOSPI","화학","47700","-2500","-4.98","677481907500"
"020760","일진디스플","KOSPI","전기전자","4285","-60","-1.38","147696605510"
"020150","일진머티리얼즈","KOSPI","전기전자","72900","-2600","-3.44","3361479871500"
"103590","일진전기","KOSPI","전기전자","6470","470","7.83","239910123300"
"271940","일진하이솔루스","KOSPI","운수장비","91600","2500","2.81","3326288204000"
"015860","일진홀딩스","KOSPI","기타금융","7340","-700","-8.71","362210525220"
"226320","잇츠한불","KOSPI","화학","22900","150","0.66","502181313500"
"317400","자이에스앤디","KOSPI","서비스업","9910","20","0.20","384334773200"
"033240","자화전자","KOSPI","전기전자","18300","1050","6.09","327570000000"
"000950","전방","KOSPI","섬유의복","40800","100","0.25","68544000000"
"348950","제이알글로벌리츠","KOSPI","서비스업","5300","-30","-0.56","877680000000"
"194370","제이에스코퍼레이션","KOSPI","기타제조업","20600","0","0.00","274713380600"
"025620","제이준코스메틱","KOSPI","화학","1365","-10","-0.73","95517364215"
"036420","제이콘텐트리","KOSPI","서비스업","45650","350","0.77","805304619900"
"030000","제일기획","KOSPI","서비스업","23000","-300","-1.29","2645948175000"
"271980","제일약품","KOSPI","의약품","39950","-200","-0.50","587459636400"
"001560","제일연마","KOSPI","비금속광물","8520","-10","-0.12","85200000000"
"002620","제일파마홀딩스","KOSPI","서비스업","20100","50","0.25","321064435500"
"006220","제주은행","KOSPI","은행","6790","-30","-0.44","218154375460"
"089590","제주항공","KOSPI","운수창고업","22800","0","0.00","877791222000"
"004910","조광페인트","KOSPI","화학","7890","90","1.15","100992000000"
"004700","조광피혁","KOSPI","기타제조업","52700","-500","-0.94","350409572600"
"001550","조비","KOSPI","화학","27000","-500","-1.82","140190453000"
"000480","조선내화","KOSPI","비금속광물","89900","0","0.00","359600000000"
"120030","조선선재","KOSPI","기계","113500","1500","1.34","142743388500"
"018470","조일알미늄","KOSPI","철강금속","2820","295","11.68","289421453220"
"002600","조흥","KOSPI","음식료품","196000","-1000","-0.51","117600000000"
"185750","종근당","KOSPI","의약품","129500","-2000","-1.52","1479679820500"
"063160","종근당바이오","KOSPI","의약품","53000","0","0.00","290755986000"
"001630","종근당홀딩스","KOSPI","의약품","95800","2300","2.46","479944683800"
"044380","주연테크","KOSPI","전기전자","1460","20","1.39","79733649940"
"013890","지누스","KOSPI","기타제조업","83400","1200","1.46","1317757530000"
"013870","지엠비코리아","KOSPI","운수장비","7180","10","0.14","136938970400"
"071320","지역난방공사","KOSPI","전기가스업","40500","-50","-0.12","468939132000"
"010580","지코","KOSPI","운수장비","306","0","0.00","19761980616"
"035000","지투알","KOSPI","서비스업","6650","110","1.68","110173269850"
"088790","진도","KOSPI","유통업","3875","-100","-2.52","48235008000"
"003780","진양산업","KOSPI","화학","5730","40","0.70","74490000000"
"010640","진양폴리","KOSPI","화학","3715","15","0.41","37150000000"
"100250","진양홀딩스","KOSPI","화학","3085","0","0.00","172436975820"
"051630","진양화학","KOSPI","화학","3960","-10","-0.25","47520000000"
"272450","진에어","KOSPI","운수창고업","21950","-150","-0.68","987750000000"
"011000","진원생명과학","KOSPI","의약품","31450","-2350","-6.95","1421901926600"
"002780","진흥기업","KOSPI","건설업","2400","10","0.42","349132188000"
"002787","진흥기업2우B","KOSPI","건설업","15900","50","0.32","4687447200"
"002785","진흥기업우B","KOSPI","건설업","6610","10","0.15","5666210980"
"009310","참엔지니어링","KOSPI","기계","1430","10","0.70","79405846520"
"000650","천일고속","KOSPI","운수창고업","70100","-100","-0.14","100188322000"
"033250","체시스","KOSPI","운수장비","1550","0","0.00","49600000000"
"035720","카카오","KOSPI","서비스업","155000","1000","0.65","68929606700000"
"323410","카카오뱅크","KOSPI","은행","81900","-6900","-7.77","38910709410300"
"006380","카프로","KOSPI","화학","4155","60","1.47","166200000000"
"109070","컨버즈","KOSPI","종이목재","4100","0","0.00","66185504600"
"001620","케이비아이동국실업","KOSPI","운수장비","1250","-25","-1.96","109022471250"
"029460","케이씨","KOSPI","의료정밀","24300","-50","-0.21","329363269200"
"281820","케이씨텍","KOSPI","의료정밀","26000","-250","-0.95","542400456000"
"145270","케이탑리츠","KOSPI","서비스업","1695","135","8.65","78349895265"
"357120","코람코에너지리츠","KOSPI","서비스업","6110","40","0.66","425378200000"
"007815","코리아써우","KOSPI","전기전자","7600","80","1.06","22531644000"
"007810","코리아써키트","KOSPI","전기전자","15150","-500","-3.19","357854377650"
"00781K","코리아써키트2우B","KOSPI","전기전자","9040","20","0.22","7084638960"
"003690","코리안리","KOSPI","보험","9500","80","0.85","1143506602000"
"192820","코스맥스","KOSPI","화학","128000","-3500","-2.66","1452737152000"
"044820","코스맥스비티아이","KOSPI","기타금융","17450","-400","-2.24","167588421450"
"005070","코스모신소재","KOSPI","화학","40800","-1650","-3.89","1227545071200"
"005420","코스모화학","KOSPI","화학","17850","-750","-4.03","495635362950"
"071950","코아스","KOSPI","기타제조업","1340","15","1.13","41415661400"
"002020","코오롱","KOSPI","기타금융","32900","450","1.39","415409415400"
"003070","코오롱글로벌","KOSPI","건설업","23500","-300","-1.26","592445293000"
"003075","코오롱글로벌우","KOSPI","건설업","33000","200","0.61","10322499000"
"144620","코오롱머티리얼","KOSPI","화학","3075","0","0.00","211125302625"
"002025","코오롱우","KOSPI","기타금융","21200","350","1.68","22819468000"
"120110","코오롱인더","KOSPI","화학","83900","-2700","-3.12","2263524676000"
"120115","코오롱인더우","KOSPI","화학","34900","-600","-1.69","96598314000"
"138490","코오롱플라스틱","KOSPI","화학","9840","2270","29.99","373920000000"
"021240","코웨이","KOSPI","서비스업","76300","-500","-0.65","5630910929700"
"031820","콤텍시스템","KOSPI","서비스업","1085","-20","-1.81","73618840610"
"192400","쿠쿠홀딩스","KOSPI","기타금융","24200","-300","-1.22","860604877000"
"284740","쿠쿠홈시스","KOSPI","서비스업","41150","-550","-1.32","923296129500"
"015590","큐로","KOSPI","기계","520","0","0.00","120230051760"
"264900","크라운제과","KOSPI","음식료품","11050","-50","-0.45","138388542500"
"26490K","크라운제과우","KOSPI","음식료품","16050","650","4.22","12415638000"
"005740","크라운해태홀딩스","KOSPI","기타금융","9700","-70","-0.72","144019265900"
"005745","크라운해태홀딩스우","KOSPI","기타금융","16100","300","1.90","9671688600"
"259960","크래프톤","KOSPI","서비스업","491500","-15500","-3.06","24059635217500"
"020120","키다리스튜디오","KOSPI","서비스업","17900","0","0.00","593238792800"
"039490","키움증권","KOSPI","증권","119500","1500","1.27","3132096075500"
"014580","태경비케이","KOSPI","비금속광물","6550","350","5.65","180669305000"
"015890","태경산업","KOSPI","화학","6570","70","1.08","192032887500"
"006890","태경케미컬","KOSPI","화학","16450","0","0.00","190820000000"
"003240","태광산업","KOSPI","화학","1099000","3000","0.27","1223626600000"
"011280","태림포장","KOSPI","종이목재","4610","-45","-0.97","326415383400"
"004100","태양금속","KOSPI","운수장비","1830","85","4.87","67161000000"
"004105","태양금속우","KOSPI","운수장비","3635","55","1.54","11995500000"
"009410","태영건설","KOSPI","건설업","12150","-100","-0.82","472624040700"
"009415","태영건설우","KOSPI","건설업","14650","-200","-1.35","19076380300"
"001420","태원물산","KOSPI","운수장비","5690","-60","-1.04","43244000000"
"007980","태평양물산","KOSPI","섬유의복","2520","25","1.00","121336959240"
"055490","테이팩스","KOSPI","화학","69400","-2300","-3.21","327404910000"
"078000","텔코웨어","KOSPI","서비스업","11500","-50","-0.43","111581119000"
"214420","토니모리","KOSPI","화학","7830","80","1.03","143944535430"
"019180","티에이치엔","KOSPI","전기전자","3730","30","0.81","67140000000"
"363280","티와이홀딩스","KOSPI","기타금융","29900","-150","-0.50","1201131288500"
"36328K","티와이홀딩스우","KOSPI","기타금융","25100","-100","-0.40","31508983800"
"091810","티웨이항공","KOSPI","운수창고업","3845","10","0.26","424219922755"
"004870","티웨이홀딩스","KOSPI","비금속광물","1290","15","1.18","99920172420"
"005690","파미셀","KOSPI","의약품","16500","200","1.23","989322675000"
"036580","팜스코","KOSPI","음식료품","6470","0","0.00","237629791210"
"004720","팜젠사이언스","KOSPI","의약품","10000","90","0.91","147129330000"
"028670","팬오션","KOSPI","운수창고업","7750","-200","-2.52","4142913718000"
"010820","퍼스텍","KOSPI","기계","2410","-5","-0.21","115828118600"
"016800","퍼시스","KOSPI","기타제조업","38150","-250","-0.65","438725000000"
"001020","페이퍼코리아","KOSPI","종이목재","2110","0","0.00","79678522630"
"090080","평화산업","KOSPI","운수장비","2455","5","0.20","134785045845"
"010770","평화홀딩스","KOSPI","운수장비","5500","-190","-3.34","80440063000"
"058430","포스코강판","KOSPI","철강금속","66200","1100","1.69","397200000000"
"047050","포스코인터내셔널","KOSPI","유통업","22100","-550","-2.43","2726590792900"
"003670","포스코케미칼","KOSPI","비금속광물","150500","-5000","-3.22","11658214610000"
"007630","폴루스바이오팜","KOSPI","유통업","1225","0","0.00","55134426375"
"017810","풀무원","KOSPI","음식료품","17550","50","0.29","669015494550"
"103140","풍산","KOSPI","철강금속","35550","-100","-0.28","996263082900"
"005810","풍산홀딩스","KOSPI","기타금융","31250","200","0.64","325297750000"
"950210","프레스티지바이오파마","KOSPI","서비스업","37400","4650","14.20","2247596197000"
"086790","하나금융지주","KOSPI","기타금융","44650","-450","-1.00","13405808068300"
"293480","하나제약","KOSPI","의약품","22550","-350","-1.53","400779932300"
"039130","하나투어","KOSPI","서비스업","79700","100","0.13","1110953044500"
"172580","하이골드12호","KOSPI","서비스업","2635","-15","-0.57","34372257500"
"153360","하이골드3호","KOSPI","서비스업","2215","-5","-0.23","35771784850"
"352820","하이브","KOSPI","서비스업","280500","-5500","-1.92","10953754168500"
"071090","하이스틸","KOSPI","철강금속","3780","140","3.85","75597883200"
"019490","하이트론","KOSPI","전기전자","4550","-160","-3.40","33312115200"
"000080","하이트진로","KOSPI","음식료품","34500","550","1.62","2419609579500"
"000087","하이트진로2우B","KOSPI","음식료품","21450","100","0.47","24241460100"
"000140","하이트진로홀딩스","KOSPI","기타금융","14850","150","1.02","344620460250"
"000145","하이트진로홀딩스우","KOSPI","기타금융","18150","0","0.00","8545201500"
"152550","한국ANKOR유전","KOSPI","기타금융","1555","-5","-0.32","108881100000"
"036460","한국가스공사","KOSPI","전기가스업","36150","-50","-0.14","3337114950000"
"005430","한국공항","KOSPI","운수창고업","49850","-650","-1.29","157842796750"
"071050","한국금융지주","KOSPI","기타금융","93400","-1500","-1.58","5204807652800"
"071055","한국금융지주우","KOSPI","기타금융","70700","-500","-0.70","414178345700"
"010040","한국내화","KOSPI","비금속광물","4380","30","0.69","179873731560"
"025540","한국단자","KOSPI","전기전자","83700","1000","1.21","871735500000"
"004090","한국석유","KOSPI","비금속광물","13300","-100","-0.75","168831796000"
"002200","한국수출포장","KOSPI","종이목재","27300","300","1.11","109200000000"
"002960","한국쉘석유","KOSPI","화학","271000","2000","0.74","352300000000"
"000240","한국앤컴퍼니","KOSPI","기타금융","17150","-50","-0.29","1628139366000"
"123890","한국자산신탁","KOSPI","기타금융","4550","5","0.11","564098771600"
"015760","한국전력","KOSPI","전기가스업","23850","-200","-0.83","15310843236450"
"006200","한국전자홀딩스","KOSPI","기타금융","1390","30","2.21","65056359040"
"009540","한국조선해양","KOSPI","운수장비","114000","0","0.00","8068135224000"
"023350","한국종합기술","KOSPI","서비스업","8970","190","2.16","98221500000"
"025890","한국주강","KOSPI","기계","2900","-5","-0.17","32796851100"
"000970","한국주철관","KOSPI","철강금속","10250","-50","-0.49","233705125000"
"104700","한국철강","KOSPI","철강금속","10500","-100","-0.94","483525000000"
"017960","한국카본","KOSPI","기계","11050","50","0.45","485766364850"
"161890","한국콜마","KOSPI","화학","48450","-400","-0.82","1108593171000"
"024720","한국콜마홀딩스","KOSPI","기타금융","24850","150","0.61","461631467150"
"161390","한국타이어앤테크놀로지","KOSPI","화학","46300","-1100","-2.32","5735415694700"
"034830","한국토지신탁","KOSPI","기타금융","2385","5","0.21","602186813550"
"007280","한국특강","KOSPI","철강금속","3720","45","1.22","198062010720"
"168490","한국패러랠","KOSPI","기타금융","2040","5","0.25","163240800000"
"010100","한국프랜지","KOSPI","운수장비","3225","-40","-1.23","98202604500"
"047810","한국항공우주","KOSPI","운수장비","32550","50","0.15","3172814732850"
"123690","한국화장품","KOSPI","유통업","10050","-50","-0.50","161483400000"
"003350","한국화장품제조","KOSPI","화학","30800","450","1.48","139585600000"
"011500","한농화성","KOSPI","화학","13900","-50","-0.36","217354883800"
"002390","한독","KOSPI","의약품","27450","150","0.55","377808980850"
"014790","한라","KOSPI","건설업","5300","-10","-0.19","206037192600"
"060980","한라홀딩스","KOSPI","기타금융","46400","-350","-0.75","485904048000"
"053690","한미글로벌","KOSPI","서비스업","11250","-150","-1.32","123272437500"
"042700","한미반도체","KOSPI","기계","34000","-200","-0.58","1681635818000"
"008930","한미사이언스","KOSPI","기타금융","73800","-1000","-1.34","4967080291800"
"128940","한미약품","KOSPI","의약품","310500","-2000","-0.64","3750306561000"
"009240","한샘","KOSPI","유통업","115500","-1000","-0.86","2718168684000"
"020000","한섬","KOSPI","섬유의복","41600","1100","2.72","1024608000000"
"003680","한성기업","KOSPI","음식료품","7790","90","1.17","48372121850"
"105630","한세실업","KOSPI","섬유의복","20950","50","0.24","838000000000"
"069640","한세엠케이","KOSPI","유통업","7730","250","3.34","99789059060"
"016450","한세예스24홀딩스","KOSPI","섬유의복","8890","-80","-0.89","355600000000"
"010420","한솔PNS","KOSPI","유통업","2300","25","1.10","47133927600"
"009180","한솔로지스틱스","KOSPI","운수창고업","4610","-45","-0.97","126670929250"
"213500","한솔제지","KOSPI","종이목재","17500","-150","-0.85","416510080000"
"014680","한솔케미칼","KOSPI","화학","296000","4000","1.37","3355217720000"
"004710","한솔테크닉스","KOSPI","전기전자","7490","150","2.04","240502986220"
"004150","한솔홀딩스","KOSPI","기타금융","4120","5","0.12","173075337240"
"025750","한솔홈데코","KOSPI","종이목재","1970","-25","-1.25","158713343530"
"004960","한신공영","KOSPI","건설업","22450","-200","-0.88","259762259900"
"011700","한신기계","KOSPI","기계","3650","540","17.36","118428451150"
"001750","한양증권","KOSPI","증권","19850","700","3.66","252661399900"
"001755","한양증권우","KOSPI","증권","24000","400","1.69","12600000000"
"018880","한온시스템","KOSPI","기계","16250","-50","-0.31","8674250000000"
"009420","한올바이오파마","KOSPI","의약품","24800","0","0.00","1295567822400"
"014130","한익스프레스","KOSPI","운수창고업","6710","-40","-0.59","80520000000"
"300720","한일시멘트","KOSPI","비금속광물","226000","-5500","-2.38","1565310804000"
"002220","한일철강","KOSPI","철강금속","3200","-5","-0.16","85431872000"
"006390","한일현대시멘트","KOSPI","비금속광물","34450","-400","-1.15","612332730750"
"003300","한일홀딩스","KOSPI","비금속광물","14700","400","2.80","423591966000"
"051600","한전KPS","KOSPI","건설업","39500","1100","2.86","1777500000000"
"052690","한전기술","KOSPI","서비스업","49650","800","1.64","1897623000000"
"130660","한전산업","KOSPI","서비스업","14550","1000","7.38","474330000000"
"002320","한진","KOSPI","운수창고업","39000","-300","-0.76","582957492000"
"097230","한진중공업","KOSPI","건설업","9290","330","3.68","773618070490"
"003480","한진중공업홀딩스","KOSPI","전기가스업","5080","-10","-0.20","150011444960"
"180640","한진칼","KOSPI","운수창고업","65800","-1200","-1.79","4391410737000"
"18064K","한진칼우","KOSPI","운수창고업","39950","-250","-0.62","21443801700"
"005110","한창","KOSPI","유통업","1320","-35","-2.58","88163155080"
"009460","한창제지","KOSPI","종이목재","2255","0","0.00","134550180930"
"372910","한컴라이프케어","KOSPI","의료정밀","11350","-200","-1.73","314104508100"
"000880","한화","KOSPI","화학","35750","900","2.58","2679774776250"
"00088K","한화3우B","KOSPI","화학","16300","300","1.88","366293600000"
"088350","한화생명","KOSPI","보험","3370","10","0.30","2926946100000"
"000370","한화손해보험","KOSPI","보험","4320","25","0.58","504312112800"
"009830","한화솔루션","KOSPI","화학","39550","-50","-0.13","7565064556350"
"009835","한화솔루션우","KOSPI","화학","46450","-450","-0.96","52197583650"
"272210","한화시스템","KOSPI","전기전자","19350","100","0.52","3655590177150"
"012450","한화에어로스페이스","KOSPI","운수장비","51700","1300","2.58","2617571000000"
"000885","한화우","KOSPI","화학","43700","950","2.22","20945147800"
"003530","한화투자증권","KOSPI","증권","4960","80","1.64","1064156964000"
"003535","한화투자증권우","KOSPI","증권","15300","650","4.44","73440000000"
"195870","해성디에스","KOSPI","전기전자","40250","-1100","-2.66","684250000000"
"101530","해태제과식품","KOSPI","음식료품","8960","-30","-0.33","260886725120"
"143210","핸즈코퍼레이션","KOSPI","운수장비","5720","-20","-0.35","125057892960"
"000720","현대건설","KOSPI","건설업","54000","0","0.00","6013211310000"
"267270","현대건설기계","KOSPI","기계","48600","-1100","-2.21","957458539800"
"000725","현대건설우","KOSPI","건설업","191500","-1500","-0.78","18930924000"
"005440","현대그린푸드","KOSPI","유통업","9970","20","0.20","974113685540"
"086280","현대글로비스","KOSPI","운수창고업","187000","-5500","-2.86","7012500000000"
"064350","현대로템","KOSPI","운수장비","26500","350","1.34","2892270764500"
"079430","현대리바트","KOSPI","기타제조업","17950","-50","-0.28","368608311900"
"012330","현대모비스","KOSPI","운수장비","275500","-2000","-0.72","26115497397000"
"010620","현대미포조선","KOSPI","운수장비","73800","-1200","-1.60","2947730596200"
"069960","현대백화점","KOSPI","유통업","81800","400","0.49","1914319673800"
"004560","현대비앤지스틸","KOSPI","철강금속","19800","650","3.39","298560457800"
"004565","현대비앤지스틸우","KOSPI","철강금속","82500","0","0.00","9062790000"
"004310","현대약품","KOSPI","의약품","6270","20","0.32","200640000000"
"322000","현대에너지솔루션","KOSPI","전기전자","27250","0","0.00","305200000000"
"017800","현대엘리베이","KOSPI","기계","49650","-850","-1.68","2026474233150"
"307950","현대오토에버","KOSPI","서비스업","119500","0","0.00","3277165849000"
"011210","현대위아","KOSPI","운수장비","90400","-1300","-1.42","2458435503200"
"267260","현대일렉트릭","KOSPI","전기전자","24500","0","0.00","883154807500"
"004020","현대제철","KOSPI","철강금속","50400","300","0.60","6725667564000"
"267250","현대중공업지주","KOSPI","화학","64800","-1100","-1.67","5118751908000"
"005380","현대차","KOSPI","운수장비","211500","-3500","-1.63","45190821550500"
"005387","현대차2우B","KOSPI","운수장비","99300","-1700","-1.68","3623005284300"
"005389","현대차3우B","KOSPI","운수장비","96700","-1100","-1.12","234858674500"
"005385","현대차우","KOSPI","운수장비","99800","-1700","-1.67","2430797163000"
"001500","현대차증권","KOSPI","증권","12750","0","0.00","404335165500"
"011760","현대코퍼레이션","KOSPI","유통업","18100","-200","-1.09","239444284600"
"227840","현대코퍼레이션홀딩스","KOSPI","유통업","13900","-50","-0.36","126501620400"
"126560","현대퓨처넷","KOSPI","서비스업","4590","-70","-1.50","518103575640"
"001450","현대해상","KOSPI","보험","25700","-50","-0.19","2297580000000"
"057050","현대홈쇼핑","KOSPI","유통업","73800","-800","-1.07","885600000000"
"093240","형지엘리트","KOSPI","섬유의복","4840","20","0.41","150789222320"
"003010","혜인","KOSPI","유통업","6150","90","1.49","78183394050"
"111110","호전실업","KOSPI","섬유의복","12750","0","0.00","102000000000"
"008770","호텔신라","KOSPI","유통업","88900","0","0.00","3489157956900"
"008775","호텔신라우","KOSPI","유통업","92800","-100","-0.11","69774371200"
"002460","화성산업","KOSPI","건설업","12800","-50","-0.39","159370240000"
"378850","화승알앤에이","KOSPI","운수장비","6310","150","2.44","119849761130"
"241590","화승엔터프라이즈","KOSPI","기타제조업","14900","-300","-1.97","902504994500"
"006060","화승인더","KOSPI","화학","7020","-80","-1.13","388346400000"
"013520","화승코퍼레이션","KOSPI","운수장비","2930","-35","-1.18","146650168360"
"010690","화신","KOSPI","운수장비","8600","-200","-2.27","300315526000"
"133820","화인베스틸","KOSPI","철강금속","3005","60","2.04","88797750000"
"010660","화천기계","KOSPI","기계","2870","-25","-0.86","63140000000"
"000850","화천기공","KOSPI","기계","38550","0","0.00","84810000000"
"016580","환인제약","KOSPI","의약품","19900","250","1.27","370141393000"
"032560","황금에스티","KOSPI","철강금속","9790","230","2.41","156640000000"
"004800","효성","KOSPI","기타금융","118000","-1000","-0.84","2486380950000"
"094280","효성ITX","KOSPI","서비스업","21500","-150","-0.69","248501300000"
"298040","효성중공업","KOSPI","전기전자","76600","-2700","-3.40","714260376800"
"298050","효성첨단소재","KOSPI","화학","592000","-26000","-4.21","2652129216000"
"298020","효성티앤씨","KOSPI","화학","744000","-40000","-5.10","3219795408000"
"298000","효성화학","KOSPI","화학","368000","-8500","-2.26","1173966368000"
"093370","후성","KOSPI","화학","13850","-200","-1.42","1282604443150"
"081660","휠라홀딩스","KOSPI","유통업","45300","650","1.46","2752075656600"
"005870","휴니드","KOSPI","전기전자","8050","0","0.00","113633920750"
"079980","휴비스","KOSPI","화학","10250","-100","-0.97","353625000000"
"005010","휴스틸","KOSPI","철강금속","17400","100","0.58","133210311000"
"069260","휴켐스","KOSPI","화학","27100","550","2.07","1107809734800"
"000540","흥국화재","KOSPI","보험","4010","60","1.52","257613006450"
"000547","흥국화재2우B","KOSPI","보험","28000","0","0.00","4300800000"
"000545","흥국화재우","KOSPI","보험","9860","-120","-1.20","7572480000"
"003280","흥아해운","KOSPI","운수창고업","1035","0","0.00","247494403980"